value_tier,customer_count,avg_spend,total_revenue_est,avg_promo_score,avg_rating,avg_retention,pct_of_customers,pct_of_revenue
Low,1291,48.06971340046476,602824,48.929821843532146,3.748799380325329,32.93277163382781,33.1,9.8
Medium,1284,54.52492211838006,1703747,44.37445482866044,3.713940809968847,44.72104514079775,32.9,27.7
High,1325,76.23622641509434,3846230,39.59728301886793,3.785962264150943,53.32441820199778,34.0,62.5
