gender,value_tier,count,avg_spend,avg_promo,avg_retention
Female,Low,431,49.31554524361949,15.849651972157774,33.8051834376442
Female,Medium,399,56.230576441102755,9.5468671679198,44.65725068974958
Female,High,418,75.35885167464114,4.883253588516746,53.52470588235294
Male,Low,860,47.4453488372093,65.50837209302325,32.49555129958961
Male,Medium,885,53.75593220338983,60.07638418079097,44.74980670686354
Male,High,907,76.64057331863286,55.595589856670344,53.23211362604579
